<?xml version="1.0" encoding="UTF-8"?>
<project-private xmlns="http://www.netbeans.org/ns/project-private/1">
    <editor-bookmarks xmlns="http://www.netbeans.org/ns/editor-bookmarks/2" lastBookmarkId="0"/>
    <open-files xmlns="http://www.netbeans.org/ns/projectui-open-files/2">
        <group>
            <file>file:/F:/Trabajos/Programacion%20III/PF/x/TRON/TRON_GATOS_TONTOS/src/multimedia/azul.jpg</file>
            <file>file:/F:/Trabajos/Programacion%20III/PF/x/TRON/TRON_GATOS_TONTOS/src/multimedia/ventana.java</file>
            <file>file:/F:/Trabajos/Programacion%20III/PF/x/TRON/TRON_GATOS_TONTOS/src/multimedia/TRON.java</file>
        </group>
    </open-files>
</project-private>
